term	address	value	xref_count	xrefs
generator	143a58ef0	UWaterBodyGenerator::GetCollisionComponents	1	140956dc9|DATA|FUN_140956dc0
generator	143a5e3d8	GestnerWaterWavesGenerator	1	1409635b3|DATA|FUN_140963020
generator	143a5ee58	CustomGenerator	1	14095e112|DATA|FUN_14095e0f0
generator	143a5f868	LakeGenerator	1	14095e1c2|DATA|FUN_14095e1a0
generator	143a60510	OceanGenerator	1	14095e272|DATA|FUN_14095e250
generator	143a60ff0	RiverGenerator	1	14095e322|DATA|FUN_14095e300
generator	143a63038	ULakeGenerator	2	140625c12|DATA|FUN_140625c00;1406247b6|DATA|<no-function>
generator	143a630d0	LakeGenerator	0	
generator	143a639e8	UCustomMeshGenerator	2	140625a12|DATA|FUN_140625a00;1406246b6|DATA|<no-function>
generator	143a63a90	CustomGenerator	0	
generator	143a63d98	UOceanGenerator	2	140625d52|DATA|FUN_140625d40;140624856|DATA|<no-function>
generator	143a63e40	OceanGenerator	0	
generator	143a64c90	UGerstnerWaterWaveGeneratorBase	2	140625a92|DATA|FUN_140625a80;1406246f6|DATA|<no-function>
generator	143a65068	URiverGenerator	2	140625d92|DATA|FUN_140625d80;140624876|DATA|<no-function>
generator	143a65180	UWaterBodyGenerator	2	140625dd2|DATA|FUN_140625dc0;140624896|DATA|<no-function>
generator	143a65290	RiverGenerator	0	
generator	143a653b0	UGerstnerWaterWaveGeneratorSimple	2	140625ad2|DATA|FUN_140625ac0;140624716|DATA|<no-function>
generator	143a65550	UGerstnerWaterWaveGeneratorSpectrum	2	140625b12|DATA|FUN_140625b00;140624736|DATA|<no-function>
generator	143a65730	GerstnerWaveGenerator	1	1448756b0|DATA|<no-function>
cycle	143a980f0	fx.NiagaraRuntimeCycleHistorySize	1	140632155|DATA|FUN_140632120
cycle	143a98f18	FastPathEmitterLifeCycle	1	140632476|DATA|<no-function>
updated	143a9a990	=== Updated %d Particles (%d Died) ===	1	140af483c|DATA|FUN_140af3b70
cycle	143aa0530	fx.EnableNiagaraRuntimeCycleCounts	1	140634e75|DATA|FUN_140634e40
generator	143aa64e8	bIsCompileTagGenerator	1	14487d218|DATA|<no-function>
generator	143ab7698	EventGenerators	2	144888ba8|DATA|<no-function>;144888bd8|DATA|<no-function>
generator	143ab76d0	NiagaraEventGeneratorProperties	3	14063b8b0|DATA|FUN_14063b8a0;14063acec|DATA|FUN_14063ace0;140b6f9ae|DATA|FUN_140b6f980
generator	143ab77f8	NiagaraEventGeneratorProperties	0	
generator	143ab7958	SourceEventGenerator	1	144888d50|DATA|<no-function>
generator	143ab7e70	SharedEventGeneratorIds	2	144889548|DATA|<no-function>;144889570|DATA|<no-function>
BlueprintGeneratedClass	143ad9550	UControlRigBlueprintGeneratedClass	2	140643802|DATA|FUN_1406437f0;140642df6|DATA|<no-function>
updated	143ada830	OnPreUpdateDelegate	1	144897710|DATA|<no-function>
updated	143ada848	OnPostUpdateDelegate	1	144897740|DATA|<no-function>
generator	143b75090	Generator	1	144b0cf70|DATA|<no-function>
updated	143b89b70	UClothingSimulationInteractor::PhysicsAssetUpdated	1	140ecf734|DATA|FUN_140ecf730
updated	143b89c30	UClothingSimulationInteractor::ClothConfigUpdated	1	140ecf464|DATA|FUN_140ecf460
updated	143bad648	rows updated	2	14100324d|DATA|FUN_141000dc0;141003258|DATA|FUN_141000dc0
updated	143bd8f38	bWasAvoidanceUpdated	2	1449101c8|DATA|<no-function>;1449fd070|DATA|<no-function>
generator	143beed50	USynthComponentToneGenerator	2	140682f62|DATA|FUN_140682f50;140682c86|DATA|<no-function>
updated	143bfe5c0	Current detail mode; determines whether components of actors should be updated/ ticked.\n 0: low, show only object with DetailMode low or higher\n 1: medium, show all object with DetailMode medium or higher\n 2: high, show all objects (default)	1	1406854bf|DATA|FUN_1406854a0
transformer	143c19e08	Animation_TransformError	2	14068a2de|DATA|FUN_14068a2d0;14068a2e8|DATA|FUN_14068a2d0
cycle	143c2a970	Async loading event graph contained a cycle, see above.	1	1412d5ff0|DATA|FUN_1412d5b20
BlueprintGeneratedClass	143c2ac90	BlueprintGeneratedClass	1	1412e075c|DATA|FUN_1412e0310
cycle	143c2bb78	CheckForCycles (non-shipping)	4	1412f4574|DATA|FUN_1412f4320;1412f4587|DATA|FUN_1412f4320;1412f3a83|DATA|FUN_1412f3500;1412f3a99|DATA|FUN_1412f3500
UFunction	143c2d7c8	UFunction	2	140690942|DATA|FUN_140690930;1406900f3|DATA|<no-function>
BlueprintGeneratedClass	143c33e40	AnimBlueprintGeneratedClass	7	141343b9d|DATA|FUN_141330790;141343ba4|DATA|FUN_141330790;141343c13|READ|FUN_141330790;141343c26|DATA|FUN_141330790;141343c52|DATA|FUN_141330790;141343c71|PARAM|FUN_141330790;141343d77|PARAM|FUN_141330790
BlueprintGeneratedClass	143c3a890	SkeletalMeshComponent.AnimBlueprintGeneratedClass	7	14137f668|DATA|FUN_141330790;14137f66f|DATA|FUN_141330790;14137f6de|READ|FUN_141330790;14137f6f1|DATA|FUN_141330790;14137f71d|DATA|FUN_141330790;14137f73c|PARAM|FUN_141330790;14137f842|PARAM|FUN_141330790
generator	143c3fcd0	/Script/AIModule.EnvQueryGenerator	7	1413b46f7|DATA|FUN_1413909e0;1413b46fe|DATA|FUN_1413909e0;1413b4767|READ|FUN_1413909e0;1413b477a|DATA|FUN_1413909e0;1413b47a6|DATA|FUN_1413909e0;1413b47c5|PARAM|FUN_1413909e0;1413b48bb|PARAM|FUN_1413909e0
generator	143c3fd18	EnvQueryGenerator	61	14323f71d|DATA|FUN_14323f700;14323e2d5|DATA|FUN_14323e250;14323dd08|DATA|FUN_14323d950;14323de7d|DATA|FUN_14323ddc0;14323d6ba|DATA|FUN_14323d320;14323d8a3|DATA|FUN_14323d320;14323cc62|DATA|FUN_14323cbe0;14323d1c4|DATA|FUN_14323cbe0;14323caaf|DATA|FUN_14323c910;14323463a|DATA|FUN_143234550;1432349e2|DATA|FUN_143234550;143235414|DATA|FUN_143234550;14323568b|DATA|FUN_143234550;1432358e9|DATA|FUN_143234550;143235a30|DATA|FUN_143234550;143234a66|DATA|FUN_143234550;143234da4|DATA|FUN_143234550;143232a4d|DATA|FUN_143232940;14323345c|DATA|FUN_143232940;1432338e4|DATA|FUN_143232940;143233b5e|DATA|FUN_143232940;143233f1f|DATA|FUN_143232940;143233dab|DATA|FUN_143232940;143232ea3|DATA|FUN_143232940;143232dfb|DATA|FUN_143232940;1432632dc|DATA|FUN_1432632a0;143262590|DATA|FUN_1432622f0;14326269b|DATA|FUN_143262640;143262240|DATA|FUN_143261fa0;143261d40|DATA|FUN_143261d00;143260d33|DATA|FUN_143260ce0;1432602b2|DATA|FUN_143260230;143260814|DATA|FUN_143260230;14325f8a8|DATA|FUN_14325f2c0;14325fe41|DATA|FUN_14325f2c0;143260138|DATA|FUN_14325f2c0;14325eabb|DATA|FUN_14325e4c0;14325ee9e|DATA|FUN_14325e4c0;14325f1d5|DATA|FUN_14325e4c0;1413b48d0|DATA|FUN_1413909e0;1413b48d7|DATA|FUN_1413909e0;1413b4940|READ|FUN_1413909e0;1413b4953|DATA|FUN_1413909e0;1413b497f|DATA|FUN_1413909e0;1413b499e|PARAM|FUN_1413909e0;1413b4a94|PARAM|FUN_1413909e0;14324e5e8|DATA|FUN_14324e070;14324ec8e|DATA|FUN_14324e070;14324ef61|DATA|FUN_14324e070;14324f12d|DATA|FUN_14324e070;14324f1b9|DATA|FUN_14324e070;14324f265|DATA|FUN_14324e070;14324f3c3|DATA|FUN_14324e070;14324f66e|DATA|FUN_14324e070;14324f8f1|DATA|FUN_14324e070;14324fa82|DATA|FUN_14324e070;14324fc41|DATA|FUN_14324e070;14324ff1a|DATA|FUN_14324e070;14324ffef|DATA|FUN_14324e070;14324dd9b|DATA|FUN_14324da70;14324dfb9|DATA|FUN_14324da70
generator_C	143c3fd40	/Script/AIModule.EnvQueryGenerator_Composite	7	1413b4bb8|DATA|FUN_1413909e0;1413b4bbf|DATA|FUN_1413909e0;1413b4c28|READ|FUN_1413909e0;1413b4c3b|DATA|FUN_1413909e0;1413b4c67|DATA|FUN_1413909e0;1413b4c86|PARAM|FUN_1413909e0;1413b4d7c|PARAM|FUN_1413909e0
generator	143c3fd40	/Script/AIModule.EnvQueryGenerator_Composite	7	1413b4bb8|DATA|FUN_1413909e0;1413b4bbf|DATA|FUN_1413909e0;1413b4c28|READ|FUN_1413909e0;1413b4c3b|DATA|FUN_1413909e0;1413b4c67|DATA|FUN_1413909e0;1413b4c86|PARAM|FUN_1413909e0;1413b4d7c|PARAM|FUN_1413909e0
generator_C	143c3fda0	EnvQueryGenerator_Composite	7	1413b4d91|DATA|FUN_1413909e0;1413b4d98|DATA|FUN_1413909e0;1413b4e01|READ|FUN_1413909e0;1413b4e14|DATA|FUN_1413909e0;1413b4e40|DATA|FUN_1413909e0;1413b4e5f|PARAM|FUN_1413909e0;1413b4f55|PARAM|FUN_1413909e0
generator	143c3fda0	EnvQueryGenerator_Composite	7	1413b4d91|DATA|FUN_1413909e0;1413b4d98|DATA|FUN_1413909e0;1413b4e01|READ|FUN_1413909e0;1413b4e14|DATA|FUN_1413909e0;1413b4e40|DATA|FUN_1413909e0;1413b4e5f|PARAM|FUN_1413909e0;1413b4f55|PARAM|FUN_1413909e0
generator	143c3fde0	/Script/AIModule.EnvQueryGenerator_OnCircle	7	1413b5079|DATA|FUN_1413909e0;1413b5080|DATA|FUN_1413909e0;1413b50e9|READ|FUN_1413909e0;1413b50fc|DATA|FUN_1413909e0;1413b5128|DATA|FUN_1413909e0;1413b5147|PARAM|FUN_1413909e0;1413b523d|PARAM|FUN_1413909e0
generator	143c3fe38	EnvQueryGenerator_OnCircle	7	1413b5252|DATA|FUN_1413909e0;1413b5259|DATA|FUN_1413909e0;1413b52c2|READ|FUN_1413909e0;1413b52d5|DATA|FUN_1413909e0;1413b5301|DATA|FUN_1413909e0;1413b5320|PARAM|FUN_1413909e0;1413b5416|PARAM|FUN_1413909e0
generator	143c3fe70	/Script/AIModule.EnvQueryGenerator_PathingGrid	7	1413b553a|DATA|FUN_1413909e0;1413b5541|DATA|FUN_1413909e0;1413b55aa|READ|FUN_1413909e0;1413b55bd|DATA|FUN_1413909e0;1413b55e9|DATA|FUN_1413909e0;1413b5608|PARAM|FUN_1413909e0;1413b56fe|PARAM|FUN_1413909e0
generator	143c3fed0	EnvQueryGenerator_PathingGrid	7	1413b5713|DATA|FUN_1413909e0;1413b571a|DATA|FUN_1413909e0;1413b5783|READ|FUN_1413909e0;1413b5796|DATA|FUN_1413909e0;1413b57c2|DATA|FUN_1413909e0;1413b57e1|PARAM|FUN_1413909e0;1413b58d7|PARAM|FUN_1413909e0
generator	143c3ff10	/Script/AIModule.EnvQueryGenerator_ProjectedPoints	7	1413b59fb|DATA|FUN_1413909e0;1413b5a02|DATA|FUN_1413909e0;1413b5a6b|READ|FUN_1413909e0;1413b5a7e|DATA|FUN_1413909e0;1413b5aaa|DATA|FUN_1413909e0;1413b5ac9|PARAM|FUN_1413909e0;1413b5bbf|PARAM|FUN_1413909e0
generator	143c3ff80	EnvQueryGenerator_ProjectedPoints	7	1413b5bd4|DATA|FUN_1413909e0;1413b5bdb|DATA|FUN_1413909e0;1413b5c44|READ|FUN_1413909e0;1413b5c57|DATA|FUN_1413909e0;1413b5c83|DATA|FUN_1413909e0;1413b5ca2|PARAM|FUN_1413909e0;1413b5d98|PARAM|FUN_1413909e0
generator	143c3ffd0	/Script/AIModule.EnvQueryGenerator_SimpleGrid	7	1413b5ebc|DATA|FUN_1413909e0;1413b5ec3|DATA|FUN_1413909e0;1413b5f2c|READ|FUN_1413909e0;1413b5f3f|DATA|FUN_1413909e0;1413b5f6b|DATA|FUN_1413909e0;1413b5f8a|PARAM|FUN_1413909e0;1413b6080|PARAM|FUN_1413909e0
generator	143c40030	EnvQueryGenerator_SimpleGrid	7	1413b6095|DATA|FUN_1413909e0;1413b609c|DATA|FUN_1413909e0;1413b6105|READ|FUN_1413909e0;1413b6118|DATA|FUN_1413909e0;1413b6144|DATA|FUN_1413909e0;1413b6163|PARAM|FUN_1413909e0;1413b6259|PARAM|FUN_1413909e0
cycle	143c9b9a0	r.d3d.uniformbufferrecycledepth	1	1406a5905|DATA|FUN_1406a58d0
updated	143cbd4d0	Dynamic geometries within this distance will have their LastRenderTime updated, so that visibility based ticking (like skeletal mesh) can work when the component is not directly visible in the view (but reflected).	1	1406b77ef|DATA|FUN_1406b77d0
updated	143cbd680	r.RayTracing.DynamicGeometryLastRenderTimeUpdateDistance	1	1406b77fe|DATA|FUN_1406b77d0
updated	143cc81b0	Whether to allow the larger clipmaps to be updated less frequently.	1	1406be77f|DATA|FUN_1406be760
updated	143cdb410	Whether to draw positions that indirect lighting is interpolated at when they are updated, which are stored in the cache.\nProbably need 'r.CacheUpdateEveryFrame 1' as well to be useful, otherwise points will flicker as they update.\n0 is off (default), 1 is on	1	1406cabcf|DATA|FUN_1406cabb0
updated	143d3b4d8	UpdatedShadowMaps	1	141bb9e22|DATA|FUN_141bb9870
updated	143d79720	p.aabbtree.updatedirtyelementpayloads	1	14070c9a5|DATA|FUN_14070c970
updated	143d8da78	OnMockDataMeshTrackerUpdated__DelegateSignature	0	
updated	143d8dc00	OnMeshTrackerUpdated	1	1449418f8|DATA|<no-function>
cycle	143d9dc80	UARLifeCycleComponent	2	140718202|DATA|FUN_1407181f0;140717c46|DATA|<no-function>
updated	143d9ec08	OnARTransformUpdated	1	14494a058|DATA|<no-function>
updated	143da0ce0	OnARTransformUpdated__DelegateSignature	0	
updated	143daace8	OnMotionControllerUpdated	1	14071b0a6|DATA|<no-function>
updated	143dab028	OnMotionControllerUpdated	0	
generator	143db34b0	BuildDataGenerator: Verify failed on %s	1	142269260|DATA|FUN_142268f70
generator	143db3500	BuildDataGenerator: ERROR VerifyFile cannot open %s	1	14226929d|DATA|FUN_142268f70
updated	143dc2ea0	vkUpdateDescriptorSets	1	14232328f|DATA|FUN_142322bb0
updated	143defdb0	If on, LODs that are lower than the specified level will be updated every frame, which can be used to workaround some artifacts caused by texture streaming if you're using WorldPositionOffset on the landscape	1	14073242f|DATA|FUN_140732410
updated	143e1e4b0	If true, Rigid Body nodes are reset when they have not been updated for a while (default true)	1	14073e9df|DATA|FUN_14073e9c0
BlueprintGeneratedClass	143e81dc8	UWidgetBlueprintGeneratedClass	2	14074f772|DATA|FUN_14074f760;14074f1f6|DATA|<no-function>
generator	143ff1590	au.Debug.Generator	1	140752075|DATA|FUN_140752040
generator	143ff15e0	au.Debug.Generator.Amp	1	140751f95|DATA|FUN_140751f60
generator	143ff1708	au.Debug.Generator.Channel	1	140752005|DATA|FUN_140751fd0
generator	143ff17e8	au.Debug.Generator.Freq	1	1407520e5|DATA|FUN_1407520b0
generator	143ff75a0	UAudioGenerator	2	1407534e2|DATA|FUN_1407534d0;140752ef6|DATA|<no-function>
updated	14400d048	ClothConfigUpdated	1	14400e590|DATA|<no-function>
updated	14400d130	PhysicsAssetUpdated	1	14400e630|DATA|<no-function>
updated	14404ebc0	Updated Component: %s	1	142a04fe4|DATA|FUN_142a04e70
updated	14404f320	Whether to ignore the first blocking overlap in SafeMoveUpdatedComponent (if moving out from object and starting in penetration).\nThe 'p.InitialOverlapTolerance' setting determines the 'move out' rules, but by default we always try to depenetrate first (not ignore the hit).\n0: Disable (do not ignore), 1: Enable (ignore)	1	14076434f|DATA|FUN_140764330
cycle	144066508	AttachCycleWarning	1	142a5615a|DATA|FUN_142a55550
cycle	144066530	AttachTo: '{0}' already attached to '{1}', would form cycle. Aborting.	1	142a5616b|DATA|FUN_142a55550
updated	1440668f0	Optimization. If true, spline mesh proxies will not be recreated every time they are changed. They are simply updated.	1	140765b8f|DATA|FUN_140765b70
cycle	14409a340	Showing Debug for %s, Press [PageUp] and [PageDown] to cycle between targets.	1	142bc7d3c|DATA|FUN_142bc7b80
updated	1440c4778	Material_UpdateDeferredCachedUniformExpressions	2	142c5ce52|DATA|FUN_142c5ce40;142c5d0a5|DATA|FUN_142c5ce40
generator	1440c51f8	Net.CreateBandwidthGenerator	1	14077616e|DATA|FUN_1407760f0
cycle	1440c60b0	Enables detailed networking scope cycle counters. There are often lots of these which can negatively impact performance.	1	140775c5f|DATA|FUN_140775c40
generator	1440c9720	BandwidthGenerator	2	142c7218a|DATA|FUN_142c72160;142fcacd7|DATA|FUN_142fcac90
updated	1440cadc0	Enables Network Dormancy System for reducing CPU and bandwidth overhead of infrequently updated actors\n1 Enables network dormancy. 0 disables network dormancy.	1	1407773ef|DATA|FUN_1407773d0
updated	14412c7e0	Maximum temporary memory used when streaming in or out texture mips.\nThis memory contains mips used for the new updated texture.\nThe value must be high enough to not be a limiting streaming speed factor.\n	1	140789baf|DATA|FUN_140789b90
BlueprintGeneratedClass	14414ea90	UAnimBlueprintGeneratedClass	2	140791b72|DATA|FUN_140791b60;140790886|DATA|<no-function>
cycle	1441573e0	bRecycleSpawnedSystems	1	1449dc680|DATA|<no-function>
cycle	144159950	UApplicationLifecycleComponent	2	140795b62|DATA|FUN_140795b50;1407949b6|DATA|<no-function>
generator	144162c08	BandwidthTestGenerator	3	140797550|DATA|FUN_140797540;140796b2c|DATA|FUN_140796b20;142fca52e|DATA|FUN_142fca500
generator	144162c60	BandwidthTestGenerator	0	
generator	144162ea0	BandwidthGenerator	0	
BlueprintGeneratedClass	144165630	UBlueprintGeneratedClass	2	140798e12|DATA|FUN_140798e00;140797bf6|DATA|<no-function>
updated	1441724d8	OnCharacterMovementUpdated	1	1449fa120|DATA|<no-function>
updated	144172600	CharacterMovementUpdatedSignature__DelegateSignature	0	
updated	144174578	DeferredUpdatedMoveComponent	1	1449fc310|DATA|<no-function>
updated	144174930	NetworkMaxSmoothUpdateDistance	1	1449fc8c0|DATA|<no-function>
updated	144174950	NetworkNoSmoothUpdateDistance	1	1449fc8e8|DATA|<no-function>
cycle	14417fdd0	CycleViewModes	2	144a05738|DATA|<no-function>;144a05768|DATA|<no-function>
updated	144199398	MaxClientForcedUpdateDuration	1	144a195a0|DATA|<no-function>
updated	144199558	ClientNetCamUpdateDeltaTime	1	144a19790|DATA|<no-function>
updated	1441de700	K2_MoveUpdatedComponent	1	1441e13b0|DATA|<no-function>
updated	1441de7d0	SetUpdatedComponent	1	1441e1420|DATA|<no-function>
updated	1441de7e8	SnapUpdatedComponentToPlane	1	1441e1430|DATA|<no-function>
updated	1441decd8	NewUpdatedComponent	1	144a89ce8|DATA|<no-function>
updated	1441df0e0	UpdatedComponent	2	144a89e08|DATA|<no-function>;144ac1440|DATA|<no-function>
updated	1441df0f8	UpdatedPrimitive	1	144a89e38|DATA|<no-function>
updated	1441df190	bAutoRegisterUpdatedComponent	1	144a89fa0|DATA|<no-function>
updated	1441e40b0	ENavPathEvent::UpdatedDueToGoalMoved	0	
updated	1441e40d8	ENavPathEvent::UpdatedDueToNavigationChanged	0	
generator	1441e6f50	EventGenerator	1	144a8ea10|DATA|<no-function>
generator	1441eacb0	UParticleModuleEventGenerator	2	1407b5d72|DATA|FUN_1407b5d60;1407b54a6|DATA|<no-function>
generator	1441eb240	EventGeneratorType	0	
updated	1441f3a90	bSkipUpdateDynamicDataDuringTick	1	144a9a660|DATA|<no-function>
isBroken	1441f5068	IsBroken	1	1441f8370|DATA|<no-function>
cycle	14420b5a0	RCCE_Cycle	1	14420b540|DATA|<no-function>
cycle	14420b5b0	RCCE_CycleWithOffset	0	
updated	1442169a0	bComponentToWorldUpdated	1	144ac48d0|DATA|<no-function>
BlueprintGeneratedClass	14421d390	AnimBlueprintGeneratedClass	1	144acc498|DATA|<no-function>
updated	144240a80	CamUpdated	1	144aef1b0|DATA|<no-function>
updated	14425b340	INavPathObserverInterface::OnPathUpdated	1	1431c2064|DATA|FUN_1431c2060
generator	144260170	FRecastTileGenerator	1	1431ea4c6|DATA|FUN_1431ea490
updated	1442618f8	OnNavigationPathUpdated__DelegateSignature	0	
updated	144261d50	PathUpdatedNotifier	1	144af82c8|DATA|<no-function>
updated	1442621f8	OnNavigationBoundsUpdated	1	144264b90|DATA|<no-function>
generator	1442626b0	UNavigationPathGenerator	2	1407cfbe2|DATA|FUN_1407cfbd0;1407cf146|DATA|<no-function>
generator	14427d518	DescribeGeneratorAction	1	14323db33|DATA|FUN_14323d950
generator	14427d550	DescriptionBlueprintImplementedGenerator	1	14323dd01|DATA|FUN_14323d950
generator	14427d5b0	{DescriptionTitle}: {DescribeGeneratorAction} around {DescribeContext}	1	14323dd0f|DATA|FUN_14323d950
updated	1442881b0	OnListenerUpdated	2	14327bc9b|DATA|FUN_14327bb20;1407d2096|DATA|<no-function>
updated	14428aa48	ActorPerceptionInfoUpdatedDelegate__DelegateSignature	0	
updated	14428aaa0	ActorPerceptionUpdatedDelegate__DelegateSignature	0	
updated	14428aae8	UpdatedActors	2	144aff948|DATA|<no-function>;144aff978|DATA|<no-function>
updated	14428aaf8	PerceptionUpdatedDelegate__DelegateSignature	0	
updated	14428b2d8	OnPerceptionUpdated	1	144b003c0|DATA|<no-function>
updated	14428b2f0	OnTargetPerceptionUpdated	1	144b003f0|DATA|<no-function>
updated	14428b310	OnTargetPerceptionInfoUpdated	1	144b00420|DATA|<no-function>
updated	14428cdc8	OnListenerUpdated	1	14428cf28|DATA|<no-function>
generator	144295f10	UEnvQueryGenerator	2	1407d5cb2|DATA|FUN_1407d5ca0;1407d5206|DATA|<no-function>
generator_C	144296140	UEnvQueryGenerator_CurrentLocation	2	1407d5df2|DATA|FUN_1407d5de0;1407d52a6|DATA|<no-function>
generator	144296140	UEnvQueryGenerator_CurrentLocation	2	1407d5df2|DATA|FUN_1407d5de0;1407d52a6|DATA|<no-function>
generator	144296528	UEnvQueryGenerator_Donut	2	1407d5e32|DATA|FUN_1407d5e20;1407d52c6|DATA|<no-function>
generator	144296840	UEnvQueryGenerator_ActorsOfClass	2	1407d5cf2|DATA|FUN_1407d5ce0;1407d5226|DATA|<no-function>
generator	1442970c0	UEnvQueryGenerator_OnCircle	2	1407d5e72|DATA|FUN_1407d5e60;1407d52e6|DATA|<no-function>
generator	1442974c0	GeneratorsActionDescription	1	144b0b928|DATA|<no-function>
generator	144297550	UEnvQueryGenerator_BlueprintBase	2	1407d5d32|DATA|FUN_1407d5d20;1407d5246|DATA|<no-function>
generator	1442979e0	UEnvQueryGenerator_PathingGrid	2	1407d5eb2|DATA|FUN_1407d5ea0;1407d5306|DATA|<no-function>
generator	144297b40	Generators	2	144b0b9e8|DATA|<no-function>;144b0ba18|DATA|<no-function>
generator	144297bd0	UEnvQueryGenerator_ProjectedPoints	2	1407d5ef2|DATA|FUN_1407d5ee0;1407d5326|DATA|<no-function>
generator_C	144297c90	UEnvQueryGenerator_Composite	2	1407d5d72|DATA|FUN_1407d5d60;1407d5266|DATA|<no-function>
generator	144297c90	UEnvQueryGenerator_Composite	2	1407d5d72|DATA|FUN_1407d5d60;1407d5266|DATA|<no-function>
generator	144297db0	UEnvQueryGenerator_SimpleGrid	2	1407d5f32|DATA|FUN_1407d5f20;1407d5346|DATA|<no-function>
updated	144298028	bUpdatedDeprecatedProperties	1	144b09eb0|DATA|<no-function>
generator_C	1442986a0	UEnvQueryGenerator_Cone	2	1407d5db2|DATA|FUN_1407d5da0;1407d5286|DATA|<no-function>
generator	1442986a0	UEnvQueryGenerator_Cone	2	1407d5db2|DATA|FUN_1407d5da0;1407d5286|DATA|<no-function>
updated	14429a220	bUpdatedToUseQuery	1	144b0d6c0|DATA|<no-function>
updated	1442ae810	OnUpdateDragMessage	1	1433318bb|DATA|FUN_1433317e0
updated	1442ae870	UMeshSurfacePointTool::OnUpdateDrag: Hit triangle index {0} at ray distance {1}	1	1433318cc|DATA|FUN_1433317e0
generator	14430fe58	random number generator	0	
generator	1443415b0	generator:	1	143541bf5|DATA|FUN_143541a80
generator	144343940	dh_paramgen_generator	1	14354de9c|DATA|FUN_14354dd80
generator	144349688	undefined generator	0	
generator	14434b160	EC_GROUP_set_generator	0	
generator	14434e348	bad generator	0	
generator	14434e490	not suitable generator	0	
generator	14434e4c8	unable to check generator	0	
generator	14435efe0	Generator (compressed):	2	143573bc5|PARAM|FUN_1435737c0;144b2c9f8|DATA|<no-function>
generator	14435eff8	Generator (uncompressed):	2	143573bce|PARAM|FUN_1435737c0;144b2ca00|DATA|<no-function>
generator	14435f018	Generator (hybrid):	2	143573bdb|PARAM|FUN_1435737c0;144b2ca08|DATA|<no-function>
generator	144c7ba80	.?AVMicroPropsGenerator@impl@number@icu_64@@	0	
generator	144c7c868	.?AVDateTimePatternGenerator@icu_64@@	0	
generator	144c7c990	.?AUAppendItemFormatsSink@DateTimePatternGenerator@icu_64@@	0	
generator	144c7c9e0	.?AUAppendItemNamesSink@DateTimePatternGenerator@icu_64@@	0	
generator	144c7ca30	.?AUAvailableFormatsSink@DateTimePatternGenerator@icu_64@@	0	
