term	encoding	address	block	xref_count	xrefs
generator	ASCII	14430fe66	.rdata	0	
generator	ASCII	1443415b0	.rdata	1	143541bf5|DATA|FUN_143541a80
generator	ASCII	14434394c	.rdata	0	
generator	ASCII	144349692	.rdata	0	
generator	ASCII	14434b16d	.rdata	0	
generator	ASCII	14434e34c	.rdata	0	
generator	ASCII	14434e49d	.rdata	0	
generator	ASCII	14434e4d8	.rdata	0	
cycle	ASCII	1441573e3	.rdata	0	
cycle	UTF-16LE	143c2a9bc	.rdata	0	
cycle	UTF-16LE	143c9b9ca	.rdata	0	
cycle	UTF-16LE	14406659c	.rdata	0	
cycle	UTF-16LE	14409a3ae	.rdata	0	
cycle	UTF-16LE	1440c60f4	.rdata	0	
cycle	UTF-16LE	144159970	.rdata	0	
updated	ASCII	143bad64d	.rdata	0	
updated	UTF-16LE	143bfe64e	.rdata	0	
updated	UTF-16LE	143cbd55e	.rdata	0	
updated	UTF-16LE	143cc8206	.rdata	0	
updated	UTF-16LE	143cdb4b4	.rdata	0	
updated	UTF-16LE	143d79736	.rdata	0	
updated	UTF-16LE	143defe28	.rdata	0	
updated	UTF-16LE	143e1e528	.rdata	0	
updated	UTF-16LE	1440669cc	.rdata	0	
updated	UTF-16LE	1440cae70	.rdata	0	
updated	UTF-16LE	14412c8c0	.rdata	0	
UFunction	UTF-16LE	143c2d7c8	.rdata	2	140690942|DATA|FUN_140690930;1406900f3|DATA|<no-function>
BlueprintGeneratedClass	ASCII	143c2ac90	.rdata	1	1412e075c|DATA|FUN_1412e0310
BlueprintGeneratedClass	ASCII	14421d394	.rdata	0	
BlueprintGeneratedClass	UTF-16LE	143ad9566	.rdata	0	
BlueprintGeneratedClass	UTF-16LE	143c33e48	.rdata	0	
BlueprintGeneratedClass	UTF-16LE	143c3a8c4	.rdata	0	
BlueprintGeneratedClass	UTF-16LE	143e81dd6	.rdata	0	
BlueprintGeneratedClass	UTF-16LE	14414ea9a	.rdata	0	
BlueprintGeneratedClass	UTF-16LE	144165632	.rdata	1	142fce44d|DATA|FUN_142fce410
